{
	"format_version": "1.8.0",
	"animations": {
		"walk": {
			"loop": true,
			"animation_length": 2.5,
			"bones": {
				"body": {
					"rotation": {
						"0.0": {
							"vector": [0, 0, 0]
						},
						"1.0": {
							"vector": [2.49762, 0.10901, -2.49762]
						},
						"1.625": {
							"vector": [0, 0, 0]
						},
						"2.1667": {
							"vector": [3.10705, -0.13559, 2.49632]
						},
						"2.5": {
							"vector": [0, 0, 0]
						}
					}
				},
				"neck": {
					"rotation": {
						"0.0": {
							"vector": [-2.5, 0, 0]
						},
						"0.9583": {
							"vector": [-2.49762, 0.10901, 2.49762]
						},
						"1.625": {
							"vector": [-2.5, 0, 0]
						},
						"2.125": {
							"vector": [-2.49762, -0.10901, -2.49762]
						},
						"2.5": {
							"vector": [-2.5, 0, 0]
						}
					},
					"position": {
						"0.0": {
							"vector": [0, 0, 0]
						},
						"0.9583": {
							"vector": [0, 0, 0]
						},
						"1.2917": {
							"vector": [0, -1, 0]
						},
						"1.625": {
							"vector": [0, 0, 0]
						},
						"2.125": {
							"vector": [0, -1, 0]
						},
						"2.5": {
							"vector": [0, 0, 0]
						}
					}
				},
				"head": {
					"rotation": {
						"0.0": {
							"vector": [2.4905, 0.21782, -4.99527]
						},
						"0.5": {
							"vector": [12.5, 0, 0]
						},
						"1.125": {
							"vector": [2.4905, 0.21782, 4.99527]
						},
						"1.7917": {
							"vector": [12.5, 0, 0]
						},
						"2.5": {
							"vector": [2.4905, 0.21782, -4.99527]
						}
					}
				},
				"left_arm": {
					"rotation": {
						"0.0": {
							"vector": [15, 0, 0]
						},
						"1.4583": {
							"vector": [-12.5, 0, 0]
						},
						"2.5": {
							"vector": [15, 0, 0]
						}
					}
				},
				"right_arm": {
					"rotation": {
						"0.0": {
							"vector": [15, 0, 0]
						},
						"1.1667": {
							"vector": [-12.5, 0, 0]
						},
						"2.5": {
							"vector": [15, 0, 0]
						}
					}
				},
				"left_leg": {
					"rotation": {
						"0.0": {
							"vector": [0, 0, 0]
						},
						"0.5833": {
							"vector": [0, 0, 0]
						},
						"1.2083": {
							"vector": [0, 0, 0]
						},
						"1.6667": {
							"vector": [40, 0, 0]
						},
						"2.125": {
							"vector": [-26.25, 0, 0]
						},
						"2.5": {
							"vector": [0, 0, 0]
						}
					},
					"position": {
						"0.0": {
							"vector": [0, 0, -9]
						},
						"0.5833": {
							"vector": [0, 0, -3]
						},
						"0.9167": {
							"vector": [0, -1, 2.33]
						},
						"1.2083": {
							"vector": [0, 0, 5]
						},
						"1.6667": {
							"vector": [0, 3, 3]
						},
						"2.125": {
							"vector": [0, 1.5, -6.5]
						},
						"2.5": {
							"vector": [0, 0, -9]
						}
					}
				},
				"left_calf": {
					"position": {
						"0.0": {
							"vector": [0, 0, 0]
						},
						"1.75": {
							"vector": [0, 0, 0]
						},
						"2.0": {
							"vector": [0, 7, 0]
						},
						"2.5": {
							"vector": [0, 0, 0]
						}
					}
				},
				"left_foot": {
					"rotation": {
						"0.0": {
							"vector": [0, 0, 0]
						},
						"1.2917": {
							"vector": [0, 0, 0]
						},
						"1.6667": {
							"vector": [117.5, 0, 0]
						},
						"1.9167": {
							"vector": [129.5, 0, 0]
						},
						"2.125": {
							"vector": [32.5, 0, 0]
						},
						"2.2917": {
							"vector": [25, 0, 0]
						},
						"2.5": {
							"vector": [0, 0, 0]
						}
					}
				},
				"right_leg": {
					"rotation": {
						"0.0": {
							"vector": [17.5, 0, 0]
						},
						"0.25": {
							"vector": [30, 0, 0]
						},
						"0.9167": {
							"vector": [-17.5, 0, 0]
						},
						"1.2917": {
							"vector": [0, 0, 0]
						},
						"1.7083": {
							"vector": [1.25, 0, 0]
						},
						"2.5": {
							"vector": [17.5, 0, 0]
						}
					},
					"position": {
						"0.0": {
							"vector": [0, 0, 8]
						},
						"0.25": {
							"vector": [0, 2.29, 9.43]
						},
						"0.9167": {
							"vector": [0, 3.89, -5.97]
						},
						"1.2917": {
							"vector": [0, 0, -11]
						},
						"1.7083": {
							"vector": [0, 0.25, 1.25]
						},
						"2.5": {
							"vector": [0, 0, 8]
						}
					}
				},
				"right_calf": {
					"position": {
						"0.0": {
							"vector": [0, 0, 0]
						},
						"0.75": {
							"vector": [0, 7.58, 0]
						},
						"1.25": {
							"vector": [0, 0, 0]
						},
						"2.5": {
							"vector": [0, 0, 0]
						}
					}
				},
				"right_foot": {
					"rotation": {
						"0.0": {
							"vector": [0, 0, 0]
						},
						"0.25": {
							"vector": [97.5, 0, 0]
						},
						"0.5": {
							"vector": [135, 0, 0]
						},
						"0.75": {
							"vector": [157.5, 0, 0]
						},
						"1.0833": {
							"vector": [17.5, 0, 0]
						},
						"1.25": {
							"vector": [0, 0, 0]
						},
						"1.5": {
							"vector": [0, 0, 0]
						},
						"2.5": {
							"vector": [0, 0, 0]
						}
					}
				},
				"tail": {
					"rotation": {
						"0.0": {
							"vector": [-12.5, 0, 0]
						},
						"0.5": {
							"vector": [-21.50798, -0.06255, -0.14555]
						},
						"1.25": {
							"vector": [4.9601, -0.31274, -0.72776]
						},
						"1.5": {
							"vector": [8.96808, -0.2502, -0.58221]
						},
						"2.5": {
							"vector": [-12.5, 0, 0]
						}
					}
				},
				"tail2": {
					"rotation": {
						"0.0": {
							"vector": [15, 0, 0]
						},
						"0.5": {
							"vector": [1, 0, 0]
						},
						"1.25": {
							"vector": [-12.5, 0, 0]
						},
						"1.5": {
							"vector": [-13.5, 0, 0]
						},
						"2.5": {
							"vector": [15, 0, 0]
						}
					}
				},
				"tail3": {
					"rotation": {
						"0.0": {
							"vector": [15, 0, 0]
						},
						"0.6667": {
							"vector": [-9.5, 0, 0]
						},
						"1.25": {
							"vector": [-7.5, 0, 0]
						},
						"1.5": {
							"vector": [-10.5, 0, 0]
						},
						"2.5": {
							"vector": [15, 0, 0]
						}
					}
				}
			}
		},
		"sprint": {
			"loop": true,
			"animation_length": 1.5,
			"bones": {
				"body": {
					"rotation": {
						"0.0": {
							"vector": [0, 0, 0]
						},
						"0.5833": {
							"vector": [2.49762, 0.10901, -2.49762]
						},
						"0.9583": {
							"vector": [0, 0, 0]
						},
						"1.2917": {
							"vector": [3.10705, -0.13559, 2.49632]
						},
						"1.5": {
							"vector": [0, 0, 0]
						}
					}
				},
				"neck": {
					"rotation": {
						"0.0": {
							"vector": [14.98637, -0.64686, 2.41492]
						},
						"0.875": {
							"vector": [2.49762, 0.10901, -2.49762]
						},
						"1.5": {
							"vector": [14.98637, -0.64686, 2.41492]
						}
					}
				},
				"head": {
					"rotation": {
						"0.0": {
							"vector": [-9.99067, -0.43399, -2.46207]
						},
						"0.875": {
							"vector": [3.99621, -0.17434, 2.49392]
						},
						"1.5": {
							"vector": [-9.99067, -0.43399, -2.46207]
						}
					}
				},
				"jaw": {
					"rotation": {
						"0.0": {
							"vector": [0, 0, 0]
						},
						"0.75": {
							"vector": [5, 0, 0]
						},
						"1.5": {
							"vector": [0, 0, 0]
						}
					}
				},
				"left_arm": {
					"rotation": {
						"0.0": {
							"vector": [15, 0, 0]
						},
						"0.875": {
							"vector": [-12.5, 0, 0]
						},
						"1.5": {
							"vector": [15, 0, 0]
						}
					}
				},
				"right_arm": {
					"rotation": {
						"0.0": {
							"vector": [15, 0, 0]
						},
						"0.7083": {
							"vector": [-12.5, 0, 0]
						},
						"1.5": {
							"vector": [15, 0, 0]
						}
					}
				},
				"left_leg": {
					"rotation": {
						"0.0": {
							"vector": [0, 0, 0]
						},
						"0.25": {
							"vector": [0, 0, 0]
						},
						"0.75": {
							"vector": [0, 0, 0]
						},
						"1.0": {
							"vector": [40, 0, 0]
						},
						"1.2917": {
							"vector": [-36.25, 0, 0]
						},
						"1.5": {
							"vector": [0, 0, 0]
						}
					},
					"position": {
						"0.0": {
							"vector": [0, 0, -12]
						},
						"0.25": {
							"vector": [0, 0, -3]
						},